feature,rows,count,mean,std,min,25%,50%,75%,max
rating,12325,12325.0,6.5838215010141985,1.0138305990413778,1.0,6.0,6.7,7.3,9.3
year,12325,12325.0,2003.2166328600406,18.948913173914455,1915.0,1995.0,2008.0,2017.0,2026.0
duration,12325,12325.0,110.37841784989858,22.910202934560942,45.0,95.0,106.0,120.0,566.0
